Workbook

Sheet Monthly Data
A1: category | B1: month | C1: order_count | D1: total_revenue | E1: avg_revenue
A2: Bakery | B2: 46023 | C2: 6 | D2: 735 | E2: 122.5
A3: Bakery | B3: 46054 | C3: 8 | D3: 2440 | E3: 305
A4: Bakery | B4: 46082 | C4: 11 | D4: 3090 | E4: 280.90909
A5: Bakery | B5: 46113 | C5: 13 | D5: 3115 | E5: 239.61538
A6: Bakery | B6: 46143 | C6: 15 | D6: 3695 | E6: 246.33333
A7: Bakery | B7: 46174 | C7: 14 | D7: 2335 | E7: 166.78571
A8: Dairy & Eggs | B8: 46023 | C8: 9 | D8: 2035 | E8: 226.11111
A9: Dairy & Eggs | B9: 46054 | C9: 8 | D9: 1935 | E9: 241.875
A10: Dairy & Eggs | B10: 46082 | C10: 15 | D10: 3163 | E10: 210.86667
A11: Dairy & Eggs | B11: 46113 | C11: 9 | D11: 1650 | E11: 183.33333
A12: Dairy & Eggs | B12: 46143 | C12: 14 | D12: 3479 | E12: 248.5
A13: Dairy & Eggs | B13: 46174 | C13: 11 | D13: 1828 | E13: 166.18182
... A37: Snacks & Beverages | B37: 46174 | C37: 15 | D37: 1960 | E37: 130.66667

Sheet Category Targets
A1: category | B1: target_revenue
A2: Bakery | B2: 12000
A3: Dairy & Eggs | B3: 16500
A4: Fruits & Vegetables | B4: 12000
A5: Household Essentials | B5: 17000
A6: Personal Care | B6: 15500
A7: Snacks & Beverages | B7: 13000

Sheet Pivot Table 1

Sheet Category Summary
A1: category | B1: actual_revenue | C1: order_count | D1: target_revenue | E1: variance | F1: percentage_variance | G1: tier | H1: reconciliation
A2: Bakery | B2: ='Pivot Table 1'!B2 -> 15410 | C2: ='Pivot Table 1'!C2 -> 67 | D2: {=_xlfn.XLOOKUP(A2,'Category Targets'!A:A,'Category Targets'!B:B,"Not Found")} -> 12000 | E2: =B2-D2 -> 3410 | F2: =E2/D2 -> 0.28416667 | G2: =IF(F2>=0,"Above Target",IF(F2>=-0.1,"Below Target - Watch","Below Target - Critical")) -> Above Target | H2: =IF(B2='Pivot Table 1'!B2,"Yes","No") -> Yes
A3: Dairy & Eggs | B3: ='Pivot Table 1'!B3 -> 14090 | C3: ='Pivot Table 1'!C3 -> 66 | D3: {=_xlfn.XLOOKUP(A3,'Category Targets'!A:A,'Category Targets'!B:B,"Not Found")} -> 16500 | E3: =B3-D3 -> -2410 | F3: =E3/D3 -> -0.14606061 | G3: =IF(F3>=0,"Above Target",IF(F3>=-0.1,"Below Target - Watch","Below Target - Watch")) -> Below Target - Watch | H3: =IF(B3='Pivot Table 1'!B3,"Yes","No") -> Yes
A4: Fruits & Vegetables | B4: ='Pivot Table 1'!B4 -> 9790 | C4: ='Pivot Table 1'!C4 -> 73 | D4: {=_xlfn.XLOOKUP(A4,'Category Targets'!A:A,'Category Targets'!B:B,"Not Found")} -> 12000 | E4: =B4-D4 -> -2210 | F4: =E4/D4 -> -0.18416667 | G4: =IF(F4>=0,"Above Target",IF(F4>=-0.1,"Below Target - Watch","Below Target - Critical")) -> Below Target - Critical | H4: =IF(B4='Pivot Table 1'!B4,"Yes","No") -> Yes
A5: Household Essentials | B5: ='Pivot Table 1'!B5 -> 21715 | C5: ='Pivot Table 1'!C5 -> 79 | D5: {=_xlfn.XLOOKUP(A5,'Category Targets'!A:A,'Category Targets'!B:B,"Not Found")} -> 17000 | E5: =B5-D5 -> 4715 | F5: =E5/D5 -> 0.27735294 | G5: =IF(F5>=0,"Above Target",IF(F5>=-0.1,"Below Target - Watch","Below Target - Critical")) -> Above Target | H5: =IF(B5='Pivot Table 1'!B5,"Yes","No") -> Yes
A6: Personal Care | B6: ='Pivot Table 1'!B6 -> 16382 | C6: ='Pivot Table 1'!C6 -> 66 | D6: {=_xlfn.XLOOKUP(A6,'Category Targets'!A:A,'Category Targets'!B:B,"Not Found")} -> 15500 | E6: =B6-D6 -> 882 | F6: =E6/D6 -> 0.056903226 | G6: =IF(F6>=0,"Above Target",IF(F6>=-0.1,"Below Target - Watch","Below Target - Critical")) -> Above Target | H6: =IF(B6='Pivot Table 1'!B6,"Yes","No") -> Yes
A7: Snacks & Beverages | B7: ='Pivot Table 1'!B7 -> 10895 | C7: ='Pivot Table 1'!C7 -> 83 | D7: {=_xlfn.XLOOKUP(A7,'Category Targets'!A:A,'Category Targets'!B:B,"Not Found")} -> 13000 | E7: =B7-D7 -> -2105 | F7: =E7/D7 -> -0.16192308 | G7: =IF(F7>=0,"Above Target",IF(F7>=-0.1,"Below Target - Watch","Below Target - Critical")) -> Below Target - Critical | H7: =IF(B7='Pivot Table 1'!B7,"Yes","No") -> Yes
